transaction_hash,mempool_time (ms),gas_price,block_number,contract_type
0x9269de50c39ae67a5a4a6b953ec62d30f873c056c61fe24cb6debc6e8fec0e32,5286,28709203531,6530576,ContractAccount
0x1672588f38e2646553db0dc4bbf7a4edd7b3d63c76704da99c62b877d21f2bd8,9692,30221349243,6530577,ExternallyOwnedAccount
0x385956bd616a1841596d099525ec68487097ec2e79764c446d4901819a94f14f,11695,30221349243,6530577,ExternallyOwnedAccount
0x483e05010fd12168ff2f0a23a35f7099fcafaf4e29ec1144a903028c73bfbb91,5913,589993007,6564448,ContractAccount
0xb8343168ce03c33f9ecfe6e340d78547299cf017504b169daabdaa54feb6694f,18709,1118030490,6564448,ExternallyOwnedAccount
0x075e5beeb7c0b88b9256eb08759f60a1f07a6fe3abf79f5362fc07cb47a26f23,5080,1132655257,6564449,ExternallyOwnedAccount
0xee04268c1825b57eaba6d7d977e1bac8b30d4f20096782f137fb273ba76a8480,5980,1132655257,6564449,ExternallyOwnedAccount
0xde4b8c6a4f9724d67c4e6490e21e3bf7e648295cc109706d3446cfde9ca3e22d,3009,1128106956,6564450,ExternallyOwnedAccount
0xceb8f727efb1f29e06241cf3cd7be5151e416aaf2fc1b49937282e1aec078334,10274,1128106956,6564450,ExternallyOwnedAccount
0x8e71e1f10d0b31dcb80600e109cc38a8ce4ce6e24f7946058408f95e596134c3,5895,1117773257,6564451,ExternallyOwnedAccount
0x404e4aff5a8905a0b0ce9d3197ceacd2e4aca7937d5bf24685912732fa326b7b,6692,1117773257,6564451,ExternallyOwnedAccount
0x0213386a10e816372cdb392c43154a402a8464ad0ba1773b4ea3b8302276554b,18552,1117773257,6564451,ExternallyOwnedAccount
0xfa34106d9b48aeecfee2952ad67f89b195c7a826b78319c0af1335acbd1fd921,18291,1617773257,6564451,ContractAccount
0xa9f2655da69b0c3bd4a024de1fcb9aea7570f4b88cd38338fa1bc165611d382c,9046,1117773257,6564451,ExternallyOwnedAccount
0xc31f4b6556b8f710642d120e64fea09f13a1cd88d4443b586ea506f6329e33f8,4917,1132398604,6564452,ExternallyOwnedAccount
0xd12c7d195b95a51acb656ceb86ec487db451a14b6e5bb56cc60d7844feecaaa9,4407,1124507049,6564453,ExternallyOwnedAccount
0xa6adc22dc22c51851b7a427a66872b77dcf5f30ad607cc396bad36622f902368,14922,2124507049,6564453,ExternallyOwnedAccount
0x6d4ba3fa60eecc91fee6e47c1799249668faaa1d660ede83b196660909877c98,4463,1624507049,6564453,ExternallyOwnedAccount
0x73eb9399600f3fd64c175cffb90ad9af35e01296cd1ecb3ecc6f0cb6fc10c51d,13499,2124507049,6564453,ExternallyOwnedAccount
0xcb5aa3ff4f8da8ef2167d7ddbde67f94b235b5b1d2709c48a2a59a805809466d,12236,1617909339,6564454,ContractAccount
0xf32b7b0864974b1e0aad78b6e5544033b92a7aa6fc6f3db302cde17cc36f1e83,23970,4483665107,6564455,ContractAccount
0x396503a5450b173397577789f2e158ade75c6db17ab419e6a395c5e861590169,13750,1123322301,6564456,ContractAccount
0x66aabc985b5a84cd6077aa37aaf51983a27b56817469ed3b8bda5bf5499e1c3d,9140,1123322301,6564456,ExternallyOwnedAccount
0xdbf7283b1c2eb0999dcace60187aea965e64e7b1fa45f3e186f9537ab50fddb0,9118,1123322301,6564456,ExternallyOwnedAccount
0x3e7ffb29edca49c5793fd5d3f141c40442560fa7bd1585249d5f82b3a55fb9ff,8905,1123322301,6564456,ExternallyOwnedAccount
0x4a57759f2604d63d4e79f0b938131c5ff0aca8e8c0b4d07f94c4fd84c5a099fc,18703,1123322301,6564456,SpecialCaseContract
0xa72a8b62bbd4465b2de3eb75cb25215169dad7bd4b8d89a48b7ed875e6590395,17923,1123322301,6564456,ExternallyOwnedAccount
0x385957098a15cbd522cbe7c3d4d123df8e32f93bf6671465d402149b3e92bded,16450,1130750484,6564458,ExternallyOwnedAccount
0x4f1664c2cfb6e1260af5f08e48aff6b9fc9c96620b9c48ba451f59c441c267e5,3684,1124217987,6564459,ExternallyOwnedAccount
0x08beac697e165dc1ad64f4c8c43ef2a4c6d32e52435cce6f8375878415424ed1,14080,1124217987,6564459,ContractAccount
0x4dd89b8272c6102afcde9275a13d9418ba13b9b8adbfcd669c0cc14ecc8e0b3a,8490,1124217987,6564459,ExternallyOwnedAccount
0xf57032c6c705716c766dfc53ae21e6adf7cc3914e86a0aad0df88d23a294dbf4,10512,1121560648,6564460,ExternallyOwnedAccount
0xa88fc67010ce6e212c8944dd3eb6c849eec9f09cfa69467c10720973ef4ce149,15999,1121560648,6564460,ExternallyOwnedAccount
0x5f97eba34881490d8d8b43218bbe1d088f451512d21ec3e1749f8e099a965fea,12685,1113012854,6564461,ContractAccount
0x59c98e0fa81e269fea09c0825ed564cd327357787a5adf3f632fd257c973b68b,8959,1113012854,6564461,ExternallyOwnedAccount
0xa6fb5970fef2e4a7e98315d806b37e3826cba58dc60eeb3ea9a93809cbcc85ce,5996,1102344718,6564462,ExternallyOwnedAccount
0xbb421cf5af3dd29d3eaa865235e88ff6b81990a33a0e5b63fabff6b37cb5faed,7051,1102344718,6564462,ExternallyOwnedAccount
0xcc88940b339e30d141232079df6dc1e5aae47e43b95435d9d3d0bb579f9761fe,7469,1102344718,6564462,ExternallyOwnedAccount
0xf96f6c15ef32a8362cd7abc268f782bc728be83440adc15532fc9f75191a2eff,8328,1102344718,6564462,ExternallyOwnedAccount
0x583245a024e7c31e79e7356dc84302aee7389ff572920ed4ade5839ddd88798c,8544,476515865,6564462,ContractAccount
0x6ce92a649337d51ab53033dfd1e3bdfd51bc037872e8e1dd079eeb5a404e0c8b,14628,502674959,6564464,ContractAccount
0x9f04cebcdb505afe8d79500751d2e430348adc5f9a14622fae0fb5c8d38cb52f,12728,1129320967,6564464,ExternallyOwnedAccount
0x5afe7d426d80207e54630e095ab1b8976fc7944c0b303a2c794c62d9c4db9fd8,3346,1623156637,6564465,SpecialCaseContract
0x939c4032a6f13ad38476a873f6933d99965829c53d29eab3f0c67fc0e41d6f13,13423,1623156637,6564465,ContractAccount
0x68d58ad27bda82bcbd92cd13cc8daf845e22a5b83f7d6cf016cfb3352e9513e7,9922,1115087149,6564466,ExternallyOwnedAccount
0x062551a47ad7ceabbb935a136544b2503bb0b725daa320522982507fdc0394fc,13179,1115087149,6564466,ExternallyOwnedAccount
0xf69205d15e1767b41a251fb605a38a5211aa0a10369c7f8d63b0d81335212cd4,12401,1115087149,6564466,ExternallyOwnedAccount
0xdc2e3859ac61a4eb30510ec4f78c61ff97dde455ab5070789153058f73491848,20539,1129352555,6564467,ExternallyOwnedAccount
0xf5083158788eba95b6d51b9c2c6e222b943a0ba361a0941b313ef7c4e522eaff,4709,2124921596,6564468,ExternallyOwnedAccount
0xfc56bff7a4c60a69c5a147406475533313607c280d69e3e6f2143cf9b41b797d,7417,1117753488,6564469,ExternallyOwnedAccount
0x9a97ef00d7dfd59ae141d40b1ea1b33369d0eb2d3ee65a56f7fbf238cabe42ce,14995,1117753488,6564469,ExternallyOwnedAccount
0xad19ed08e54132503eeb5d63fec35a931eea5a5e4362ae4973c36b5911796802,10306,1132362146,6564470,ExternallyOwnedAccount
0xe13d14a626c643884c5c4da93fa3dba4b6ad85540d0d8384307d743b5472148a,14926,1132362146,6564470,ExternallyOwnedAccount
0x792f603cfdd80a2b1f1ad2059528193cb9059bd5d75183d8df0d29bd74495600,14528,1132362146,6564470,ExternallyOwnedAccount
0x38b53c36287f6e60f74b95cc8dc164c9a4f663d0dbc98a187d65e14c894e9282,4512,1622662904,6564471,ExternallyOwnedAccount
0x34a58d433fa1ea4f1eb2761dee0beee8624b34a65c15ae1b3a6ff7c0756552e4,13353,1616561123,6564472,ExternallyOwnedAccount
0x30afc14383b6b1eac50d2c19a7372ada4424ed02a30e5ce9aab8066aa50fb0f7,134925,1116561123,6564472,ExternallyOwnedAccount
0x2b04267f9023bee00dac2554a940f4b2f6fa68ce9d95e5446a8a4ea129edaad3,13229,1116561123,6564472,SpecialCaseContract
0x9585dc667f40119695fccd9e868dcc7a147c0f2c75749053010001867e6a32af,13917,1116561123,6564472,SpecialCaseContract
0xaee516b9ef2edc04a0726173af90c443f528e2fefa65390416da94c1d01f69f7,14904,1116561123,6564472,SpecialCaseContract
0xfdf2294bfe412841228d293234434e632a830c35bd4e969c0927c5f3fca9742c,10351,1116561123,6564472,SpecialCaseContract
0xd431bed8ebacd2217ce064d50216fd3620caee3f6b25ff3f81f7f701c3aee35a,13272,1116561123,6564472,ExternallyOwnedAccount
0x8c78381f02bb6cc047909d4491b435d01f805d085a2f01f010e67a21c6075922,23566,1116561123,6564472,ExternallyOwnedAccount
0x25453c987ddcd0783ae7b33d70563cf85824a796654f6a2749e300ea7b9811d0,17941,1110458195,6564473,ExternallyOwnedAccount
0x87abaa4246fd43316c800bba36b6a8d9590a2bbfe11401dd17fa564b0266ee0f,14625,1110458195,6564473,ExternallyOwnedAccount
0x206e66f16d33edc1db0f6117bfc23762cdfaf474e164d517e5424359026bf648,13916,1122026698,6564475,ExternallyOwnedAccount
0xe18e3856ddaa44e5e52c4d3c34b96be3f2460fd0b4f86c8c2479bd89fdb5a09a,6332,1112650555,6564476,ExternallyOwnedAccount
0x0314db9cbf0350f9afcc06ff1b05ce97a925518aceddbd622a95e602138f8789,11938,566865796,6564476,ContractAccount
0xabbe14d182b048d4551801306e9d58447c8017b1ef9d9a735fa7681b6c00cb91,11959,1112650555,6564476,ExternallyOwnedAccount
0x72aeec93248f99cc9fbb5362c41b23bbc490da9ad64af05c769dbd21b13964da,14270,1112650555,6564476,ExternallyOwnedAccount
0xe54ab210f6ffe234ff67cc4d8366997ec1c53f56a0690ff857bf5bc67b85ef50,9643,1112650555,6564476,ExternallyOwnedAccount
0xa35b2ef9c0809b7bb77d2cb894f428ed67dbe2dce8bd91c1d5026eebfef9f719,7473,1126624723,6564477,SpecialCaseContract
0xbe41fe9e1bdb392d99132860da4a763350d8d707b5d0f4900ad4f0f9b298b460,23512,1126624723,6564477,ExternallyOwnedAccount
0xc5be973180a9e043a5409a192e9e9a8155a88cc82439018d2f1be9f065fe29e1,16049,1116816577,6564478,ExternallyOwnedAccount
0xc6db17069edb4a191e334cc87364fe9f3a3c1cb589d6dd969c4bae036d571f75,9210,1131340398,6564479,ExternallyOwnedAccount
0x7f36919bb9372c05770679164f8947e11eb5f74c137a4d1735826164c6c5fff5,11055,4216672027,6564480,ExternallyOwnedAccount
0xeccaa1070d1080b3067bdf7f51001a5b6d2998aad3bcff4531c6e03fb02e4ddf,4634,3877996421,6564482,SpecialCaseContract
0x8f351d81c27ec49cfd6a351ccc95691948ac2d27d4d25bf284c9493cbdec068d,31566,3877996421,6564482,ContractAccount
0x22168925ee42ecb73a526695143f7fe61a3374ffdd0690ecaea8799d6c03a65d,23078,2118608679,6564483,SpecialCaseContract
0xcc03753a6e79ea33517f21e5acd918c73fdc81d5abaec6ef6fd723893a67b71a,47534,2118608679,6564483,SpecialCaseContract
0xe92ebfbb2b93f3a75eec906ea44be80232f92167830c6208ec8cbd74fe1f74cc,28819,2118608679,6564483,SpecialCaseContract
0xd8b62e9a8282203310c20fdf57f5ba0f1fb5fa489de72b7309a423bfb3f1e38b,26028,2118608679,6564483,ExternallyOwnedAccount
0xb0dedf1cdbb352c0de68f3f682f4453ff41bfacc7e9bb25c55455b4349d4f3a3,5163,2122155728,6564485,ExternallyOwnedAccount
0x0ed7026eaa22e84e6f38bf512f03aaa9ebd9061417ef4f168e8eb29a5062fd7b,6999,848900114,6564485,ExternallyOwnedAccount
0xeefc63af24c178f5ad0e0a205de1c3a810f7327041afb07ea8d4a9537734c926,69357,1122155728,6564485,SpecialCaseContract
0x4a84119185cbe49ea6a2667a0d01c11dbbcb31fb77f27ea490dc457b459efb38,70732,1122155728,6564485,ExternallyOwnedAccount
0x1e3ba0605a861daaf102401bdaed58c9427a2a6e69dd82b029111be5fc30e93e,13712,1122155728,6564485,SpecialCaseContract
0xd87245693efb7698162c78bda2784120dcd4b3cb6a6956e7c20871283db03055,4963,1122155728,6564485,SpecialCaseContract
0x06eee4c1346f0c89a21f3fd6916522743adb748cb1f381a2a91ed42bdb73e6f9,20542,1122155728,6564485,ExternallyOwnedAccount
0xec065178447a890bac41a284d3202a5534f9f88638bf1aad1b1139b0c32df4cc,6069,1117303152,6564486,ExternallyOwnedAccount
0xa8ee61387fed4ffdd7d2d2f3adcf84ea9899b276f66ecc95b85733313ff458fc,9759,1117303152,6564486,ExternallyOwnedAccount
0xaa66e9d97fa5acc104c91042baed288a3a2149c813b018fd608479f57a39f2bc,10332,1117303152,6564486,ExternallyOwnedAccount
0xa3d728a6352c2fdf574a1344ad89e21310234e3fcd42d5a20394ba9535f304b9,13766,1131852912,6564487,SpecialCaseContract
0xb307e4763393ba4912d93cb5d07de63fbe5f66cb4e85c00c8da23ca3709a1114,17689,1131852912,6564487,ExternallyOwnedAccount
0xb9c13403df0fd9aa9c917c5998146bb049595ad9647eea45f9a106f071efc3a3,10307,1123308313,6564488,ExternallyOwnedAccount
0xdd913afe960c36bfc16aa1fafcafee48bd6cbe384408f3f0ebb864316c504027,24706,1118044395,6564489,ExternallyOwnedAccount
0xb1fc37edb86d1ed34112317161240e3a05188e4d5351a1e1d77aa924c380f123,24021,1118044395,6564489,ExternallyOwnedAccount
0x1577307a471d87f865fbafa7ab2dae4f01b68a28baf7c23a2205edf44e737c4a,22046,1118044395,6564489,SpecialCaseContract
0xc0e8a2389cd0e2910f62aad057d3de747441e85dbd2ad9db8921db2860519bf4,9975,1118044395,6564489,SpecialCaseContract
0xa7ea466ac9fc1c351d178438f8d8c851dc2ab0b2ef7881dad89433429a3f0d88,16616,1118044395,6564489,ExternallyOwnedAccount
0x719e649bb0504ce51d63a93eac011b6289aa9c48776bad514d538795a4db1ea5,9612,1119340453,6564491,ExternallyOwnedAccount
0x8777742314cc7ca4c95a60460fce6170055fc71ce1c432abc64da4c1565362ed,10525,1119340453,6564491,ExternallyOwnedAccount
0x8a3a18939dc87ba8659bf574d6a8c533ac9dfd9f36da8bb13b9d7147d03a07dc,8877,1119340453,6564491,ExternallyOwnedAccount
0x33f09aa4132c4d248fe010c5f9b25c2e53c291fbc59b8964071a4e316eb3547d,4305,1619340453,6564491,SpecialCaseContract
0x26f0559d243a4b1b3c93358ca686c75c6e5da7ccfe867b8da54be7bd2f658c4d,14156,1119340453,6564491,SpecialCaseContract
0x68ca2da14e1932e8bd311e91cbf39ed6eb8f8b15a720a81d120d69a985175534,18183,1119340453,6564491,ExternallyOwnedAccount
0xe72ed31d89901fedd6d743e680f3b4f4e716838f561bff4af38737972d9e9e45,11083,1116493922,6564492,ExternallyOwnedAccount
0x23bb0069597aca797b5af3e2f6df51339577f31645f51228ac8d0f8646cb0c10,14630,1630994390,6564493,ContractAccount
0x9554caadfa216e437a198f946be1c1772099a8d586cc5a12fb5b3b8d554fd1fc,21828,1130994390,6564493,ExternallyOwnedAccount
0x93ac421624217a92a7fb3293b3dbd1ae3c75cea178aa5df72df08eab27c61cb7,25343,2130994390,6564493,ExternallyOwnedAccount
0x31f56936c792449d6a1ccfb77f782e597c1bf89a39e9f914de5326e8b3408f4f,8388,1135941842,6564494,ExternallyOwnedAccount
0x9a2cd0df8def0b0dae0363dea6de415363a9d72643f762940eea660816fe0fc9,10295,571795855,6564494,ContractAccount
0x251577c9d4557b4ccff895f110ad941a0e3fd77daccb0174b2ca16241c577dea,3609,1135941842,6564494,SpecialCaseContract
0x72a56ba5ba47b1ccd430e38ead3dad19de8451662f98b0298722e0c70dd2b0b2,18357,1135941842,6564494,ExternallyOwnedAccount
0x1a7fa868f876d969cbfe0bfd8533a0bc19d856dd9f5f45b879cad3a2365f83bd,16117,1635941842,6564494,ContractAccount
0x8ae128bf6ef8caeaf0e070d60190254c1da1012de8df3faf7e1905fdcc76d17d,6933,1132070205,6564495,ExternallyOwnedAccount
0x889a5d3ff32e4e456b6d350de26cd49810bb05882d77ea1659a45ec8982dfb55,9930,1132070205,6564495,ExternallyOwnedAccount
0x1b48864ede8a8a100273f6bc7b5775c72c94493521cb38d982bb0baf917eb388,10493,1132070205,6564495,ExternallyOwnedAccount
0x3558ee08e2d6430099000f21818da661948709e9353991a7b23c1a8c11652822,13203,1132070205,6564495,ExternallyOwnedAccount
0x57457728c07698f679b134489e95c5feea1d5333ab4d22942a9938aaed33e1e8,8372,1125396853,6564496,ExternallyOwnedAccount
0x5dd3655e55154443ff6611af02ebf9f491284398ce128b99efb56c8711059698,29405,1116302151,6564497,ExternallyOwnedAccount
0xe37edc19bf2bd1d7dfc35dd6c888726a170abc03c4fe6b7299b0f709efd7150c,32521,1116302151,6564497,ExternallyOwnedAccount
0xf59b3a9a359a770066149b48c2f5e3fcb6756095fbca61c9715f33fd273a6a87,33428,1116302151,6564497,ExternallyOwnedAccount
0xbd4a94ddceca1a351019e2cb5cd57b18522188df04be272d72f334642a93198b,8255,1130693268,6564498,ExternallyOwnedAccount
0x6d6255be5703d199daea073a7da85656ae4e1e8a2df7000898672ecc6b455da3,8828,1121518602,6564499,ExternallyOwnedAccount
0x67ccd437034b3f16f3d76361a5eb228f046b9e47d817c1f728b2289ab8a9aab2,8557,1121518602,6564499,ExternallyOwnedAccount
0xd9c3e4bccefa54b8c62fab7b042792b07c33452445b8439d6ba04a048bb467a0,11793,1121518602,6564499,ExternallyOwnedAccount
0x507f3a47d027a80568ca7f0535910ed79ba273b0b963d07391df20474f379628,12700,1114024798,6564500,ExternallyOwnedAccount
0x2e351e3d799cd066f2a90835350d65de24c657fc68df6657b1805db194b4eb61,8328,1114024798,6564500,ExternallyOwnedAccount
0x7de32e99f3bfa3f8ac73de7ce0b72cc40fb53e135a8acc95f44c88603173276d,7053,2128118815,6564501,ExternallyOwnedAccount
0x100c2dc7d40321b56cada894937753a576a615b453ce7a639db567dab706afec,6649,1128118815,6564501,ExternallyOwnedAccount
0xb0b659b43f957d101842ba574368b782b4e1171a5f0c6529d57a05c7010da9fa,8545,1128118815,6564501,ExternallyOwnedAccount
0x1f1854b01d775fefc2cc19f3ee898595c5cd8c73439f9b3b95170cbad1c5cd44,7908,1128118815,6564501,ExternallyOwnedAccount
0x0f6e2de6cae0044896ffd6085187b73f2238b08cce324ccec59dc3ee0a43728b,5347,1120623638,6564502,ExternallyOwnedAccount
0xc633e2b2640ac601ff282274b02d82383d57cde62641482dbe376426f0a7d353,7499,1120623638,6564502,SpecialCaseContract
0x807f65929c120029b91b005428e559163265f8f606e3d9088db9d58a3b3e3683,8887,1120623638,6564502,ExternallyOwnedAccount
0x3a4f8318a39cef782096a6763f0b44a11b2ac8de373558e4bc6f7a135627e039,1023,1115420253,6564503,SpecialCaseContract
0xba2fc8d1c0b00adfbd476d7ebb66647ab0319ca521e5d97834c622ceda914c0c,1480,1115420253,6564503,SpecialCaseContract
0x5baca1b2180a0a7da0de99f41649d70ead9d7049a51e1347356258a25480d8dd,13256,1115420253,6564503,ExternallyOwnedAccount
0x0d344ea3069ff610aaf69c4f6ebcf0ed5f4ac3a8b0fc6c3017ea2996a1971ef0,6733,1129760569,6564504,ExternallyOwnedAccount
0xf654bebacb4aabfd347024905673e83a7a280e7d6e2c1cd189ec11f1cd8fd8ed,9068,1129760569,6564504,ExternallyOwnedAccount
0x8e78e63ed30cc2eaf86b4eb61b310d374b067a967446e997a3c3a5aa72b2008e,16000,1129760569,6564504,ExternallyOwnedAccount
0xab795582011c329598e4a241971177c4d7965a4528a51492f8394b4b87665d3e,19844,1122372231,6564505,ExternallyOwnedAccount
0x5c54bbee18535f2acaf452e88f9d38e8740ccde19aa0b89ab99c782697c91d8e,7984,1115982389,6564506,ExternallyOwnedAccount
0x107e65051cde78b27ab5719799863cf8a467868daa5f3e827f56fbfadf862d03,3599,1107434541,6564507,ExternallyOwnedAccount
0x2a8a737e6a93454c8b2fb2ca3d5eb0c813ae7c5d692572118217be16001fe51b,12393,1107434541,6564507,ExternallyOwnedAccount
0xeb16b51fcd319ae3ee76ac798208e79326fe7d5563cd6793fd0233ab3ea6f761,9541,3586360218,6564508,ContractAccount
0x22c341d52eaeac0a8f754f71f54bf2629a352fedfd62f371811156edcb59b69e,18687,3251998708,6564509,ContractAccount
0xc970581631b12b771bf9ec4dfeb46ec0f962912a058b3c60b6fc1bc52b1d43b1,13162,1620063443,6564509,ExternallyOwnedAccount
0x3b586af50ee550bc4cd9e889155ca6ffe4982382dde35c3e8ef58faedde06226,20088,1120063443,6564509,SpecialCaseContract
0x798c2f2e346ce92af8918837a5fbed1c6be0d5bba1be883b5d3cb7c9c82c6b3d,9213,1120063443,6564509,ExternallyOwnedAccount
0x04caebdc5b3041232eb8784b4e80772d5575179bbeb6e1198109e087547eebf4,26622,1112206312,6564510,ExternallyOwnedAccount
0x7901f06cb237f02e33b5ab36087a74787ab28fdc92a2a9605d445618e36ea8b8,22649,2112206312,6564510,ExternallyOwnedAccount
0xdecaba2024aed570240afa797b552201fda3e09aff3e699911998572b9b6a7bd,5606,1126135839,6564511,ExternallyOwnedAccount
0xd3f063da36646d3c83966ea1478850ef3556b8fc0a1187c2877f6f7d0ee5f5e6,6361,1126135839,6564511,ExternallyOwnedAccount
0xfe1ccf054d15a3286e3474048cf2ba8431e3cb43b9967ae8819bf82664cac4aa,4141,1126135839,6564511,SpecialCaseContract
0x7694dcaf472a525e09385665e710c51dec6389e25a7f64992a4f174b8d0c052f,10394,1126135839,6564511,SpecialCaseContract
0xe01afc21d18855f5f92979a036a7d3bd7603f7cc6739dabf6177396a721b0eb1,11085,1126135839,6564511,ExternallyOwnedAccount
0x6a04f12d8cf2c755871b9f72bc8c8a4ab11d2a1a28ef569c2ec96983303b27db,8273,1117113655,6564512,ExternallyOwnedAccount
0x9591da5a0044aa0dfffa61d0e5bce53040554f3c5b4733a4892c931e30f62b1c,9924,1131648995,6564513,ExternallyOwnedAccount
0x94f098abb510531d0a6ac3f638d818af08864866d739355b39100f515ee657a4,5801,1131648995,6564513,ExternallyOwnedAccount
0x04a78232b21a910cfab6d989472bafca1412a2a55cdf20cc7f4f6834412f411c,12625,1131836848,6564514,ContractAccount
0x18e29903f06b478b0f25c0a2290e9d27cf79912c260adbc0aec0579a3330575d,8926,1131836848,6564514,ExternallyOwnedAccount
0xcc84999f83557b877e947e297a0e3cbc2f6267807fe868aff77b85bae4687ae4,10485,1131836848,6564514,ExternallyOwnedAccount
0x01ed3acefe325e13ac4ce9c63068317559e2f3b151bc211e8573f42b7d12d931,8742,1131836848,6564514,ExternallyOwnedAccount
0x62de76e279e1abc4a703829a70ee120ac4f2ae40e44250eabe046d6a8421079c,11212,1131836848,6564514,SpecialCaseContract
0x5fae891e585dd27c56367dde71fb957039601fefc6a739e42518959cf653fef8,16698,1131836848,6564514,ExternallyOwnedAccount
0xbfdaf9a39f83487d13dfe8fd892c1478a5a5bcb5bc164681b46e1e641ee92bb6,8513,1624325976,6564515,ContractAccount
0xd9a3a39d2063ff4edff2b68ec1b57c3361913440dff80ac51bc3bb949f0aded1,5806,1124325976,6564515,ExternallyOwnedAccount
0xb2d6ab775c5db886455baed02f393cb7bbccdc502ab963d9aee6f47ce75aa320,15919,1133284515,6564517,SpecialCaseContract
0xa8ff4b12bf18c5b941009aa216ef0d6c6a0d67e2de20021a3691d30f894b3692,14670,1133284515,6564517,ContractAccount
0x2a04708a6ffd4b24ce95533e70404777d44f6454bbaf12013fbc34cf1918db62,3995,1125803943,6564518,ExternallyOwnedAccount
0xe29d71306eb479ecda453ec09e631e06d1766944a0827c27a627738121d91fe5,22339,1115390226,6564519,ExternallyOwnedAccount
0xf795952e1fadd2fb478f44fc2665a103b6ed9cf7585af62e29234d92a5787a13,19786,1115390226,6564519,ExternallyOwnedAccount
0xf58847e17bcfe118ecb7efbad704fcb6eb1e774589e2faec8416fcb77793ac6a,6432,1115390226,6564519,ExternallyOwnedAccount
0x963303099b63cb831aee7080a0cc8b88ecfb450ee5f223e95296a3eb0b69d681,26461,1115390226,6564519,ExternallyOwnedAccount
0xae009ac6d6b17b59583d2bdd5c4b8b749b03e6b387cc07bcae12936eb76ff5af,5597,1126515207,6564521,ExternallyOwnedAccount
0x543fc5ff382614289e08fd65c583a002eddc24d11a63f98403e4f2aec0719d85,5831,2126515207,6564521,SpecialCaseContract
0xa4128c74e39edad1fdd5cc0da7515568a66eb849cf476a67f5c4c548176e660e,13889,1126515207,6564521,ExternallyOwnedAccount
0xbb7caaf23ebe6b1ce88f9e18a5e9b4042bc7c020a2b783881bd0ccfc46174e93,20731,2126515207,6564521,ExternallyOwnedAccount
0x8ff11a854af63f815749c1c6de30e757aee19f4fed0430e24733c28bcf6c2502,5482,1117459972,6564522,SpecialCaseContract
0xb6ff72e372b4b58c7ac4b45a5a3b14afd4bfb6b5fec706231191f8884a575074,19573,2117459972,6564522,SpecialCaseContract
0x9674215b2e102fc4ef4a05492f966b8eb8c24b6aedea3b7bd5859dece82a0772,21324,1117459972,6564522,ExternallyOwnedAccount
0x265ac5ee4750158d83adb60d25c5d3686c7808f7d7fc2c6e37db8c113eb89308,14496,2117459972,6564522,ContractAccount
0x3ca6f3ee52a922852ea4744310a8513150a71a887cfd825b08223f5b835bac73,5806,1127749365,6564524,SpecialCaseContract
0xfcd3bd474ba2f5c98f697fb3cbd6732f5bcda13b49274d3ca5e435515b9b7b36,11690,1127749365,6564524,ExternallyOwnedAccount
0x5985f1e974d69dc8e57e90e83aa75a415c2d02fc3edd19bbde5d7f8a325e1b30,14841,1127749365,6564524,ExternallyOwnedAccount
0x478d26ae0e5b498757b2fd96ef4a429d76570ff4966bb830d6b32b19bf32c455,12226,1127749365,6564524,ExternallyOwnedAccount
0x36aee27cd785ffd457b5a80617c8aec7bfd991217c730d94088c5ab77b69ae6e,45507,1137303509,6564528,SpecialCaseContract
0x596e5be19ab8ed53fdc6a7ce92ec70eff4270af6ccf130680c9717b655874c3c,52389,1137303509,6564528,ExternallyOwnedAccount
0xcf13372f43a3ca97d092e1d53126475073ed4571bdbe9c02d7becaea72e9e2fb,4728,1137303509,6564528,SpecialCaseContract
0x8a183ca575c7d5cfa03ca132ef59cf401e6c0bd805c24b5bffa06154947851dd,114290,3008006353,6564529,ExternallyOwnedAccount
0x8fc55399327193e719c51db84b191b66443f23eea76a89698273b5d198d1f50a,4484,1137303509,6564528,SpecialCaseContract
0x2b4d537678bdd2311799fd40494ff4af56ddf8abb76728d6d36df3e7bcca9982,14037,1137303509,6564528,SpecialCaseContract
0xe80299a7352dafdddf8197e79ab1f3f7370e085744e7e3c5c0a2d513d2f02b8d,29462,1137303509,6564528,ExternallyOwnedAccount
0x588fbcdcbfc1c98af339cc67e60a5e0c4ef707228d41ee3e804a3c411f074d8a,121629,2739996595,6564530,ExternallyOwnedAccount
0xc98f446fdc6ef86702ce985e0132e624e808c866e8600791005ecb08f4fa0ce8,7711,1153511850,6564531,ExternallyOwnedAccount
0xd38ca30f7f96eaeff300ca59f4fafd3f0bfdba9fa1c65e87708ee913da419cd6,34189,1139175041,6564532,ExternallyOwnedAccount
0x2e9714440e62df46b36b96855fde983bf085f6f358dc319654bfac76d66c304a,7342,1139175041,6564532,ExternallyOwnedAccount
0xbfef01cfc6e040c4f50ed9b65624507be3ec88c91039b391c1e02dfab4f9d4de,10874,2139175041,6564532,ExternallyOwnedAccount
0x66a4b4a357ca9e7ff6c3d206f8ad26a5b8c96396ad0a3b997f0a0b8324be394f,6743,1127357748,6564533,ExternallyOwnedAccount
0xaa47bc8090f807e1f2c2db971dda4b66be96fadf97d9ee4d2ba10894b61d4dcb,7754,1133349104,6564534,ExternallyOwnedAccount
0x336f67ae3e51a5a144fee34946c37a57263ce9bf3150451d61615ed6c8929e01,7255,1133349104,6564534,ExternallyOwnedAccount
0xf9022a87b42f10b47ef4611450f0402fec86b4ecbd389a0e1478730fcb46e1dc,7955,1133349104,6564534,ExternallyOwnedAccount
0x43b0154d6413bfcdc5bb0ba276f12e2902334cd900396984b16fa40a2077ecc4,7489,1133349104,6564534,ExternallyOwnedAccount
0xb66ba3ed5c324cdc9a957def9a9d5e215d3f08b63429729eb07a3b4b5bc2051d,11912,1133349104,6564534,ExternallyOwnedAccount
0x8f6a8778a8af6d50ff514b4db02d21bedb21f64d9f721b3d571106876bca4d43,14992,1133349104,6564534,ExternallyOwnedAccount
0x9b13df568961b87ae784788bc726fd0133af10f7fc8233e24991117b122865e5,7626,1131317950,6564535,ExternallyOwnedAccount
0x028bf8b3a2e289ba245b2b12237cc437fbd2d6f5fdc70963b32b5581a289d130,8122,1125965521,6564536,ExternallyOwnedAccount
0x0db73062655547f51153a6a5af50344ef256a57f572bab13ec56c42fc068c3af,10513,2125965521,6564536,ExternallyOwnedAccount
0x2ef3fd575b044945c2f15f376955a023e7f294d3b20b5cf70574ba98d5302614,17037,1114818468,6564537,ExternallyOwnedAccount
0xefe2161a7a5759341792038ed5a48ad12f858775fdb31aa5bfb7778a1f080100,12723,1118346145,6564539,SpecialCaseContract
0x3f61050c8c9312ff5cb8d6e30e0107cf6a772b500416075653c030437b7d2af3,14596,1118346145,6564539,ExternallyOwnedAccount
0xd88c020cf9939b860f5895d50ea1c18ad7451b7303cb36f890176587daa5bbd0,16228,1118346145,6564539,ExternallyOwnedAccount
0xaf157866920cf7616cde342a4331b53f6c14753e56629878f01d5d131c0a17db,36074,1133020308,6564540,ExternallyOwnedAccount
0xe01ac88cc894cb4c4e008e1b60b3b8b7467b925c2bf0de405063fad95bdda446,13475,1217372625,6564540,ContractAccount
0x93d0a1f33b262ca0879a9c03648fe996c6a34fadad177df0606c5525120ca110,18625,1133020308,6564540,ExternallyOwnedAccount
0x96c3a018233abb6db89a53bebe89d1da45db37a90e4fd282d2c46ec918e012dd,15068,1633020308,6564540,ContractAccount
0xd3c2b344dd010d602a2e9ad3e9bebbcba9604bbb5e15d26d82655adf8ac93740,15895,1133020308,6564540,SpecialCaseContract
0xd3fd79e250b2b8b62441ddeb7d27077a15386f133cf2f04fff1b33981cc49aa6,24755,1133020308,6564540,ContractAccount
0x87a2b71a2b2c37cc1d61defbf8a57f2667955edcef0b7ac7eed15d683bbac268,5316,1129031157,6564541,ExternallyOwnedAccount
0x74ae8f30fce1938c87fc409993756660d6c7baaeb6226f5407b575bfb6a5b641,25892,1116653970,6564542,ExternallyOwnedAccount
0x0f58dfed2ae58aa5235e3e08e8eda2b002e0bbad8d9051d22a68601b671c199d,20180,1116653970,6564542,ExternallyOwnedAccount
0x51c74ba84af5da5fa1e93bf7b61d91a4a93f552d82e5d38cabd670cb4f62b082,17112,1201006287,6564542,ContractAccount
0xadb4ee5f7efbd6604fa0870edf751651cbbbdd9ce50662192476a5f436a45b27,13001,1131067744,6564543,SpecialCaseContract
0xf0a8748c1845ba1de19703e98caaecc069bbc3ca486090ba11d3583651802700,2121,1131067744,6564543,ExternallyOwnedAccount
0xe7612e7b5c629f2f3c2282e4a098ea3934fad8f22a4c5388850cfb0f2730fca1,12411,1131067744,6564543,ExternallyOwnedAccount
0x4a733830fd1bba56bde3337f8370dc11e672a8278c5e78e17b1969f7c6606c26,10021,1120376648,6564544,ExternallyOwnedAccount
0x16ea0925fad58d63beb42a1b8c68c549ea17338217dbf50b9d51f7ea09e81c75,14090,1120376648,6564544,ExternallyOwnedAccount
0x16c6596e79ddf8f66c2bb77c2f5a6abd05107d0368e354ccd200e00ca818901b,18231,1112826711,6564545,ExternallyOwnedAccount
0x820959b9cc40e76286555bcb5f9f37457122bc10759ca61d5216529cd576721e,6871,1126856432,6564546,ExternallyOwnedAccount
0xd8c0cc678e13015d7f942519f03702eaf5309b57f93388771020e57d50b24a70,7866,1126856432,6564546,SpecialCaseContract
0xfd8a029bcb24ddb62f241041ca3001a7727e5795d4cbc72d55da90fb0acd7bcf,8016,1126856432,6564546,ExternallyOwnedAccount
0xb7ee224c43a703c86a595cbbef7827e675ed48a38e431cd93be6f1fd9461210a,17905,1126856432,6564546,ContractAccount
0x0631ef57ef29f9ab57b428cd0b787f15b87e4ed170dbc01e68ba694a2b434807,25548,1617851358,6564547,ContractAccount
0x0a3a60a764a78911c0da04f8d2857f4126f3b0c648338b1278180e0f211e6239,6472,1117851358,6564547,ExternallyOwnedAccount
0xedc97431ea211ec6048de8924fbd053440290c618be095c3dd1287ddb37c9f73,17457,1117851358,6564547,ExternallyOwnedAccount
0xb6c8c7cd537e8ccfe1c1f3706cc4b12b8961692c5381ff69734cdf36bd618114,9529,1125401233,6564549,ExternallyOwnedAccount
0x090db7e5205009988c8cb28d32b05162f12c5451ca85a9c2e2abe54ff01e61aa,8672,1125401233,6564549,ExternallyOwnedAccount
0xa667ae92cbd866822813ca8ddbf2db10cbc7bbb090f046043a762c9735974b0a,12654,1125401233,6564549,ExternallyOwnedAccount
0x633f92cdac891418ca114bcd3fbecfde0517f44a2049aa3e11754ee023bb62cf,5177,1125401233,6564549,SpecialCaseContract
0xbf4e418b35b00aeaf281c939bbcfd4b6dfb319c559ac697f5a28c67d351f12fe,19975,1125401233,6564549,ExternallyOwnedAccount
0xae8f12b01e80e26c0af8d3b68812ba97845341418805c25b53c9c8a1a749667c,14678,1636871030,6564551,ExternallyOwnedAccount
0xb1140fa92876726d8c6587c6e8b1a3aeed4f3f4f71e169fb10ad45b68cfa6acb,19538,1136871030,6564551,ExternallyOwnedAccount
0x652bcaa87b465f12296ffbf48ce39df9d149e8727d84c7c0331d9bd5842a344d,9912,1131405441,6564553,ExternallyOwnedAccount
0xda26cacf7142c860e295ed75e76fe6fac201475429b22b5fa1dc59fe14ac51d4,11626,1131405441,6564553,ExternallyOwnedAccount
0xa0eb8452895c998fa45202a3079160521b06ecdb50f1c322b0962f3602d70107,11256,1131405441,6564553,ExternallyOwnedAccount
0xabb5c7c416ba3aaf056f328d0ecf5fa8971d7e6f95300536b1cb713d500247d0,10213,1124049399,6564554,ExternallyOwnedAccount
0xd18b93625e0634f4eeb2e672707885d3a877d7d27876795f2a6bacb5ab01dfb9,10192,1133397820,6564555,ExternallyOwnedAccount
0x7d89b768753cabc24f85d5d481311b367e912d087de6e4a245d8aee41d57799c,208729,1127020384,6564556,ExternallyOwnedAccount
0x689fe86a5bfff33bcc16f22ff3392de2a9c8be8eda6fd20040705a9c71a4a16b,7029,1127020384,6564556,SpecialCaseContract
0x856a5d957d55369411f58e8c2eb2449ce7c457702faa2025ef4b1f2019db53ed,10547,1118295857,6564558,ExternallyOwnedAccount
0x3724b08fe88809faaba0bfa45209621cfcffbe8ced4670ad23a0bf7799f9ccf8,13029,1118295857,6564558,ExternallyOwnedAccount
0xe5c15dcd5c445aa1d8a7cd313f173b4fdf537fc6e1eec800920af759acc28f58,12901,1118295857,6564558,SpecialCaseContract
0x1cf24fd104ec640f1aa709c80c12c1387d999b4c573d31d807fc0ad21902924d,13363,1118295857,6564558,ExternallyOwnedAccount
0x998d844592589617f66d15e7a7d568901978fe8ff7990ad4a26014ae02678c7b,18628,1118295857,6564558,ExternallyOwnedAccount
0x8e8f3ee557f4a231b5b954c38fee4196ee26ec7f710de24eac1bd50430de0a2d,11102,1108323144,6564559,ExternallyOwnedAccount
0x9690d5b88982eafee9cf619a7a8224a0a3f71329827a8f3a1865bc5da38d0339,14955,1121752583,6564560,ExternallyOwnedAccount
0xc14fed1dacb1b6ea32e88afbcf1cbc1d8a3803710a403e272bc33740d0480dae,8213,1127783975,6564562,ExternallyOwnedAccount
0x085af3548ea6788626e758c88347d1fe49b88fc52e6a2b330ea32b3844f4729b,10640,1127783975,6564562,ExternallyOwnedAccount
0x926c230334ae10b5a0bd901c0b51f85721d3a9a5adcf9a8ce834071d9775f927,15057,1127783975,6564562,ExternallyOwnedAccount
0x8246b2d1b733c01abf6783a9508195d490af4f9681fd1a85ea4e9abd99a362a4,10702,1127783975,6564562,ExternallyOwnedAccount
0x9a4b2177c685f4dd424c0462466a0c0bb6e889dca974268e35a2312164ffae9c,19898,1120174725,6564563,ExternallyOwnedAccount
0xac35e0bf6c11eca6239aa0a4954175eaffd3d3196467f14d1e732af921eb0c63,20082,1120174725,6564563,ExternallyOwnedAccount
0xf5749a7c515f830dde49bb767df9435fb111c3f0836faccd5b1067ae52e092e5,14055,1116521461,6564564,ExternallyOwnedAccount
0x2834ba1720e98cfa440d1b8e9e398283ff2250e8e7889e362375e16b1feacd1c,11069,1130963485,6564565,ExternallyOwnedAccount
0x36b8fe75101d74a73258658368bac56534bf7f8329553774348ac788f4ddbf0d,13872,1358528678,6564565,ContractAccount
0x43a52f3a2dd41cc628973f56c826dd74c2363d841ecdf2d41fa2783bb04e63fb,15675,1130963485,6564565,ExternallyOwnedAccount
0x25e86d49e5b382f3b1774b0dbca0200144a714ad5edf76e32ea3e3c65449e717,13546,1121435303,6564566,SpecialCaseContract
0x088ed4a6f6199ec61bc4a18ce4d62a3252dcadbc3871c9775a6f87975344bc9d,11552,1121435303,6564566,ExternallyOwnedAccount
0xe68d46eb7e5d6ea5a9f84ab4dc97c667d1dcf55def3585c0af4ae9b9bea3d43b,4238,1612025277,6564567,ContractAccount
0xf73cc035bf09c2d3cf2996749afc50157405a54feb9e42e9676b93e542f85b04,14093,1612025277,6564567,SpecialCaseContract
0x5dfd2a6e5d41f49803b89610885a578e7e417c915f224d4f9133dee1051f10f1,14125,1612025277,6564567,ContractAccount
0x98cd2acd0dcb3de2be72b308b67eb7da74cce438820faf8973f41be125d11b48,5944,1125862784,6564568,SpecialCaseContract
0x621c051f0345ab979423559b1e2f7e7e368445d5a90b1d202cb66912161379a2,1369,1125862784,6564568,SpecialCaseContract
0x8bda36429ab2dfec569e5a606af1a3f333512c84c56ff208f8706b33c959bdce,16399,1125862784,6564568,ExternallyOwnedAccount
0xd6697c2fddfdc2f5a000585107009e5776ae4c1a32bad49004831641ffbd99e0,10517,1125862784,6564568,ExternallyOwnedAccount
0x3af7576165f545fa3b205c76b189c3cd13e23ce6b90ee370ab12719bc0ca4164,8658,2118822908,6564569,ExternallyOwnedAccount
0x8624dc1f978442d627ca51d44a6efd21b6aa3081031c6902175d217e0188db4b,12611,1118822908,6564569,ExternallyOwnedAccount
0x18878f6294814c6f0bbd522cea7f31f87eb8883b5e4ef11fb8dbd74b5efcd513,11610,1118822908,6564569,ExternallyOwnedAccount
0xacb398daa80604e36c4a29be8569f7ebad0a3f9f04c555495f96fc7f79cc05dd,19582,1132514939,6564570,SpecialCaseContract
0x6a0bee0d18c5bce29dee0d40c2b1ffadec1b5f7c2c26f2156b33b02c5b655445,19545,1132514939,6564570,SpecialCaseContract
0xbfc7ce32e52f6de074139272670fa62599abf416da0bcada937b9254f996ace0,25301,1132514939,6564570,ExternallyOwnedAccount
0x189beff621375ec8643b6cc87c2e1e5cca3d5a2fe2e059bc9802196a77b8cf27,16875,1132514939,6564570,ExternallyOwnedAccount
0x62e5d4f74cf75f1d29b5cf32b5ba47bef2d5ba4f874eddf81a9edcf0b73592cb,13870,2122540611,6564571,ExternallyOwnedAccount
0x3a41dff2570768c5ba9c5f637966f407e62a21420c3a4cf943e1c677e651d4c4,8572,1114975534,6564572,ExternallyOwnedAccount
0xa0b8e8dba0d44db7c1f2fde0195e5b7982ef54763fbce88534ab6712cb50f8b6,11531,1114975534,6564572,ExternallyOwnedAccount
0x677f9adbbace3643826a9e2adc2960f47c04fec882b04e367fb3ecb8e2cfd18c,1217,1114975534,6564572,SpecialCaseContract
0x3d3194ac6d2a745ee1edc952e2e760b5a0dc80edc468127420d7df300d4f0bd8,13993,1114975534,6564572,SpecialCaseContract
0xe4eb413c9a6e8e59bc21dcecc33b4b21e4a6a803b67d8829cdede0d4ac55bb5e,10751,1114975534,6564572,ExternallyOwnedAccount
0x254dda126c29deda4fbce4627febb2162a438008d7f97814ce30b315bb4f585d,14318,1114975534,6564572,ExternallyOwnedAccount
0x8d39ce1046395930e55217d43952bb6b8f251bf70a6e228d344950f37d4385be,5819,1129188868,6564573,ExternallyOwnedAccount
0x5184f041ad395b307f11f024a4c7e435146dc1b6a8bac307afaacc855482b499,21995,1129188868,6564573,ExternallyOwnedAccount
0x8410feb37b4342b832ad311bb44836b0d255b3a1a6b191ff06fa1158e65c5a60,5556,1129188868,6564573,ExternallyOwnedAccount
0xd0e59bdc9561a360c32a3ce6dea5c12e3f8c56a8b502ea6e864c06d2a41564ca,8214,1129188868,6564573,ExternallyOwnedAccount
0x9cf1dc66b40b5f13efa06563b57698d6e7caf22020cff2d9c2c334830bad60af,6204,1123437683,6564574,ExternallyOwnedAccount
0xa0791dc919a0174492d590d11fa4507310fbc042620beac12cb08323175e945c,9117,1336058630,6564575,ContractAccount
0xd75781be8751a8ca77a382cc784338e3d94bbacf4021529b0cb295ffb7aa4919,15023,1126545967,6564575,ExternallyOwnedAccount
0x66d7d9cfb5a4b18a08c3c1d90bfab834ab5b176b369257e0902910a5338fd4e1,11497,1112949861,6564577,ExternallyOwnedAccount
0x675ec9ff7044958ae417ca61a2fb9a8f4c9a91752a06d1576c81e10b16ad53ca,12784,1112949861,6564577,SpecialCaseContract
0x56ae573ffd7186378eb670539b2fd23fe8860e554bf004d7214b0926914653ec,14548,1112949861,6564577,ExternallyOwnedAccount
0x853db30026d7d65b803e38b1af5a5aa9c048d8eabe2a722ef3b7d81e8c2e3acd,15123,1112949861,6564577,ExternallyOwnedAccount
0x32045c6763c1e90816c8381f3edffa3804398f7c7cf3290da964114b555aa11e,7043,1104048883,6564578,SpecialCaseContract
0x290a4579e89f8f2239acb0051fef9b0adce809df9412a0157df7184f27b0338a,16003,1104048883,6564578,ExternallyOwnedAccount
0x9881add5a3c4a622d431058c57f72bdbe470ad5f65b2e9107986fba3afd6aabf,14941,1104048883,6564578,ExternallyOwnedAccount
0x9a425795fff5eaeea4d67e54f869f0974b605f8307b15459b0760383912a9d15,22709,1116968022,6564579,ExternallyOwnedAccount
0x18e4a484b62565f3d46a437ac2c6be0ebd57801ad8de61449bcdec1886e0d6b6,23131,1116968022,6564579,ExternallyOwnedAccount
0x11dfaca6b85754bc0e240f8c616b7cb9c4abf220cace77539d81c3def70379b3,18724,1116968022,6564579,ContractAccount
0x2b094831089a9533f911080943a5325d47ec0ac9b1694d5c938748521d1d0a7d,10902,1631450212,6564580,SpecialCaseContract
0x1b05c129cf12afdfa9b9d2f6b0137be6c0e5f9852d236578e988f87c901d6623,11498,1631450212,6564580,ContractAccount
0x998cd0c4399b0468b6e2288f253b0d09982a63e8a1c558b54c103c5776959264,17027,1131450212,6564580,ExternallyOwnedAccount
0x341bf446ecdfbd8f9614c2bb2bc903e3edb778689747e6203fef25bceb826144,10550,1127494639,6564581,ExternallyOwnedAccount
0xfafbe51e9f39d5f21b2e7b9215a443937c36514e90e02248db200dc0f1ac1ca9,20827,1125127214,6564582,ExternallyOwnedAccount
0x8180e38a12597d9a4bdbe2253b8a1df125336d844b768c50967af96f99bba7eb,20920,1125127214,6564582,ExternallyOwnedAccount
0xf369d3946125653f46aa8cce64131f0e27bd5e2b320ab6687e1241cdc1b7bc73,21692,1125127214,6564582,ExternallyOwnedAccount
0x12858c0646df93f7f0d7e5d9cb3bbe6bf0a7af189f7f5c35adc66f3d59df49da,20314,1125127214,6564582,SpecialCaseContract
0x999eb94eb8144257137defec9889a6e44d3f72480f131c471629dd8d274091f6,38649,1125127214,6564582,SpecialCaseContract
0xf7d47e5b205527fc466ad7966e3cc50ef0c342a84f017972559620b2aa2169e3,29443,1125127214,6564582,ExternallyOwnedAccount
0x467e4268e7ac2a7c8ecac3621fbe46d41b46f3ae4c70c7748cde947d6c7445e5,5058,1125127214,6564582,SpecialCaseContract
0xc070ac2f17a379e5f398c45645496d649a58209c0aa5d3317b14a6457a9b9871,30233,1125127214,6564582,ExternallyOwnedAccount
0x29947cac1ebe021bff0cabf1c525d27cff5b6d0af0ff167581b4914d159e53da,22231,880046199,6564583,ContractAccount
0x3130cad47ec8660fde2aab7a11886cca4d04331f67b1f6b92bab73e2a2536d2a,22470,1129923862,6564583,ExternallyOwnedAccount
0x48d0d3e672c48b3ee53521a722af43b5c953acab71b9f436ea240afe17272358,9666,1146150047,6564584,ExternallyOwnedAccount
0xa33503ebc4bf66a1a44a95050fc302f79c2042e55acf32e276e6eb217cf691b1,13759,1146150047,6564584,ContractAccount
0xcdf4a00675190414796119610082e1dbf718b4dca75ca73d8c63396f1f0c128c,9503,1143155401,6564585,ExternallyOwnedAccount
0x116d06c7b5160ce7d68c6a7e791613c607a88c559db236f26b936bbf0bf7bfc7,11412,735958368,6564586,ExternallyOwnedAccount
0x134304336f4cda682acbb59b6161ca70c0d14f585cb5be1ab4c5428e6d8ecc5c,10582,1135860498,6564586,ExternallyOwnedAccount
0xa597d95d8d3f2dde7414b43e232dc3bc1cf804454d3186cd759ab8bb45778d03,17395,1137815931,6564587,ExternallyOwnedAccount
0xe72d160c36fb5395257e14b61d48341cef1a5d50281bf17103d53544855d2086,19598,1129797279,6564588,ExternallyOwnedAccount
0xb7ef49f3ff571882a26e3d25b87e85afaab59c5c08c58a4f1bf8863b23050b0e,23247,1129797279,6564588,ExternallyOwnedAccount
0xbaacfff6d65131d9a19f6eea34f170947ff9be0a768d35968d9f084e089441ae,24966,1129797279,6564588,ExternallyOwnedAccount
0xcd5c0887f1f8c8eea6c52363dd1ac97f169c591fbe9bf602b029f6cc22bad7ef,15730,1626193817,6564589,ContractAccount
0x0e2915688e33cc866283f4b91375c9df9cb3319bb2e5d3486c3d58c4f3d2aaff,9024,1126193817,6564589,ExternallyOwnedAccount
0x49af4d440b4e85d9fa730038f6eab18f11f74c20ec3da925306c9233c020c24c,8288,1135830087,6564590,ExternallyOwnedAccount
0xd552062eb666acb197436be4c7d6d2d097e7aff04fd008aaafc778605e9631ac,5384,883403666,6564591,ContractAccount
0x5c848c458bb5896ce57c3189fff8d7b87a1a4b17f082574a985eb3df54fe5cd0,8849,1133281329,6564591,ExternallyOwnedAccount
0x613dd0f9e73abb553a39f5a2a561f371691f5be1309695fa0e46415e07a3783c,5377,5134073255,6564592,ContractAccount
0x5c0b71b24e32e8cc07ef05ac8e87636a1f068ca9501e58125b5ff879d2d18e31,7027,1134073255,6564592,ExternallyOwnedAccount
0xd549c355e4d7186540078c3f7d11fb828f6392d3d024478383afff9e1f15dc23,10045,1134073255,6564592,SpecialCaseContract
0xa91c4cc24b327666562361978b1eaed4af91549f8564c2d083d7b05eea58da30,8488,1134073255,6564592,SpecialCaseContract
0xc08314af9de998e69fb73c377ecb19aff675f4e7b59adcbd1a658b3a494e1c40,15624,1134073255,6564592,ExternallyOwnedAccount
0x82563234c4f4df406683ca8dc6c738712b1ff37b037f0247693af25f5c27e841,14444,1134073255,6564592,ExternallyOwnedAccount
0xbea7a2bc9acda9e18fae621f54a6276410cbc9b4cc392b04741d6c6c2f3a30d2,12821,1134073255,6564592,ExternallyOwnedAccount
0x3f0c90ad75f89dea3d966e9b402c91c5540761276d98007ff0b3ed7116193a4d,11026,1126302307,6564593,ExternallyOwnedAccount
0x5b4cc4a7e9b027ceceac8c6073179c1e70c8c6102b4b560eaab1e196c2c1cd5d,5709,1126302307,6564593,ContractAccount
0x7c0aa40c96abab3be9a86ced702cea6c5fd5d85f6511e7255ef15a52c02cc10d,8740,1126302307,6564593,ExternallyOwnedAccount
0xbc89ae4a8f0414782a0cfb3353891f65a162b2631c7967f273fe203e14f933e0,7434,1119865325,6564594,ExternallyOwnedAccount
0xfdcb11079387e87f72f89d14f9c3fbca335f9d56016bbecfd5021f0584627ec5,5325,1613442004,6564595,ContractAccount
0xc37d5efa0217419236436fa4191e2d627e03bf07b6f3604e7a51d4cc55341d3e,6699,1113442004,6564595,ExternallyOwnedAccount
0xcbd00e423ee5897eaf55ab82e214852bfb40457e965a81cdc2be5b11421ae603,13499,1113442004,6564595,ExternallyOwnedAccount
0x9b763912eb6956217ee6a180c07548498ec0634c4f74067958c68cf669541f33,17545,1110367788,6564596,SpecialCaseContract
0x75b922acad443debf6ac478f0695ba183bdaf7016070972789f9365e549e0708,22184,1110367788,6564596,ExternallyOwnedAccount
0x78b1f8758548ddb0a81a2f9b35c07f8b2adc5b368e94e66116ebca611c167544,26705,1110367788,6564596,ExternallyOwnedAccount
0xd74e3a037d2d38b7f5b8cc63b072fcd2fb0df4fdd3acb6682370ac23d33b0cbf,22431,1110367788,6564596,ExternallyOwnedAccount
0x1c282500f22ab91c7a0ffbb3b7067b30b696909caf19e2f3a1bb9d6218f0f21c,30008,1124078566,6564597,ExternallyOwnedAccount
0xd97efb237ecdcbd9c36a068e4a8c3a13423e4af8c0ab50186a2eba85436fd0b6,19954,1624078566,6564597,ContractAccount
0x13aa2b036eaf8894acc71e8c8d138473dcdd11d1942badc91a18382ec98e7fd1,19958,1124078566,6564597,ExternallyOwnedAccount
0x1dbeb2139fdbdfc826367fd3c327f364653c6963599b8b39995da9fc6e40a13f,23933,1124078566,6564597,ExternallyOwnedAccount
0xbf8e3f9eaae2563beff25431ac43783f90355276e271a7ed344a67128a996e95,34021,1124078566,6564597,SpecialCaseContract
0x8653c14b575966f1b310046535397a26b7858a9dfd43d0a86002e92057869344,2691,1137853266,6564598,ExternallyOwnedAccount
0xb1a5c149a1182e450aac7bf01b4c1124e07c6eae25531ec41f49257e09b02a3e,7018,1137853266,6564598,ExternallyOwnedAccount
0x29073dde7752d42cc27d38fdf8d49572fc76f74d4d6224349b8e99c789268121,8744,887975603,6564598,ContractAccount
0xede95ca30566db6658b5daf13e77f7058c12dfd8c5c6e66e6abe232e1964b962,17074,1131329932,6564599,ContractAccount
0x6ae52f11fb5277aff1ef7c007412e124835a75a4f74ebf301f43052491b95c02,6970,1123495227,6564600,ExternallyOwnedAccount
0x7eb72f473adc2a71068a6fb7d066e48cae52a5ccaa8eb755dac54ce4b6b9d54c,14466,1115989609,6564601,SpecialCaseContract
0x88390b70aa0a880d0f1924273162fad37111f1fcfa182a928c261732dca5c654,15059,1115989609,6564601,ExternallyOwnedAccount
0x4b4777d0da8e673b73b6cdf5904133ca02ed5b9cc0d3227be4e5b69db37b8d42,17063,1115989609,6564601,ExternallyOwnedAccount
0x57432d02c6b1f5c70f3eb5f24e337dfa8bf12e2978e91470bab6bda471bc033a,16766,1115989609,6564601,ExternallyOwnedAccount
0xcac39d12b74dd496402657971b4603b6301884632273e66140fa6500f65d348e,14286,1115989609,6564601,ExternallyOwnedAccount
0xf1b362669cf24f5c19fdae0de9d595ae82499a25fe465d1e4927c952cdd3c4bd,13592,1115989609,6564601,ExternallyOwnedAccount
0xb5ec89234a8b2b400e396f5476016d43cdcb6c8491b08446d3d215c2ecb0ee79,17127,1629228561,6564603,ContractAccount
0xff7e85ce4ae2526d29bd2a50c79527d7f64eb2c5f08d27656ed48861f34e026a,18358,1129228561,6564603,ExternallyOwnedAccount
0xdb35716370488aaf7fea65c91c7101d5c66f6b78e8554c56a854c0737c508013,25286,1129228561,6564603,ExternallyOwnedAccount
0x24225004e2962d84c58c00267eebce880ab0a670f71faef3df1082327150471d,10007,1125076854,6564604,SpecialCaseContract
0x309b26980f73e79dc18a308d92378d5de7ab423703efb33234cc8e66678979fc,8310,1125076854,6564604,ExternallyOwnedAccount
0xeba924ac787a2211cae4d1afdaddd3e547f9e30c822a4c0ef7d5ac8321f9286c,4836,1119586942,6564605,ExternallyOwnedAccount
0x4739bf365922e0bdb766fd57e7079727f9c6da895741b5d642a6a51108bd497b,14220,1619586942,6564606,ContractAccount
0xae8672d232640a8002460369677d5bb42c02ce9d209c6a7fd91b2ca7a367b8fe,13748,884545878,6564606,ExternallyOwnedAccount
0xb5ba1a8f84a746a4940f92ebc2b9990bfee3b402f4fd5f96fc2d0b0ade45c6a9,26515,1134423541,6564606,SpecialCaseContract
0xea49a984c73b4b48850beb128cca0e4e16773dc86aefe4dfc434fa95c59b42b5,23184,1134423541,6564606,ExternallyOwnedAccount
0xd76a43eb79b67b63803e5aeb60f9d47a0b028d9f6a1c592fd84aa73e6eae361e,9350,734521411,6564607,ContractAccount
0x52d9cf066b1318133b30d9137c25d0d47d671be64c2b6b8b8c8d5559239012e0,14483,1128466008,6564608,SpecialCaseContract
0x4869904157b23eb663e1f85a180c521a160ac3648b2dc598d60d196605fb5a0e,13812,724248201,6564608,ContractAccount
0x14972fc76ac94f1a24e2cd1cbe08f739ee9dd584fc52bc981ce8497d60394e3f,10710,1128466008,6564608,ExternallyOwnedAccount
0x3279210c3fdffb9df4e9faeeefe0514a4a1c893ebf45f57509a2c6d990411959,14701,2128466008,6564608,ContractAccount
0x932538fe591770a3525c56250d50746b678be2f683ef94282d8c5072dd7d4587,9527,1128466008,6564608,ExternallyOwnedAccount
0xf0193b5d053291461efd53bc7ebbc82ab8a7430ba510d09fc3fb93a02b5ba7aa,15517,1128466008,6564608,ExternallyOwnedAccount
0x89eb5c971cdf050bac31f4081acc1d70aaa1aeabeb0d9e2f101acd0fb4a3fef3,11336,1116209399,6564610,ExternallyOwnedAccount
0xd8cfd429463e16b5f3e147f6e634d5f15e059434946c3913494fa5e6775ffd09,12261,1116209399,6564610,ContractAccount
0x86f285e6a517abc6645832013e5319f9fa62865d06282e78de0f0299fb845b3d,18003,1116209399,6564610,ExternallyOwnedAccount
0x93f8f54edb98f1fae6eb58166a899ddbe89304ab970eaddc12bebb0eef3e2154,6387,1130635680,6564611,ExternallyOwnedAccount
0xe680ad1093de981456bc072d0681a6b80d994a383939078be0d2f3740a90f44a,19801,1130635680,6564611,ExternallyOwnedAccount
0x5dfbb17ba8670c91f2793eb9635937c3b6fb1e5861f97c2f51d4e413d371ddae,22238,1130635680,6564611,SpecialCaseContract
0xec93dec213c0d76dd03e25d3d500c0b99a8a253b62a96f47c813d17b2b3e2a99,25727,1130635680,6564611,ExternallyOwnedAccount
0x27f596187b6622921f480c03d2e35f26f9953846d20e7a9562564d9a64aa8d0d,13469,1130635680,6564611,ExternallyOwnedAccount
0xc4cee5400c08021eaff241a760dca110b268944f4d5b6dfd0d52f725078a8f01,16132,1623942518,6564612,SpecialCaseContract
0x94ace2c6f3e2fb2d27a91c433215ef506eda478d915ad632c8c483547eca7578,13008,1623942518,6564612,ContractAccount
0x6fa51deabb443dbe70a2e9614b6c89d34ce396da00f861e6ec70ee54200618be,4106,1116083470,6564613,ExternallyOwnedAccount
0xcbf29c6080d9213fcac788bc861de94b138d6126c30d4300875feea083f7da1b,11303,1616083470,6564613,ContractAccount
0x0f46865e6afb6eebbe8d22bc2eba3326e13e7dfed27824f56f30057192ddec55,6554,724040388,6564613,ContractAccount
0xaf0ee995870a11cc6c0da1c66c3aecdfeea01c82b0c549b93b85dfd8225ff139,3984,1130491849,6564614,ExternallyOwnedAccount
0x6a678c93baaf0c0795ab1cf9fd0b98d5524b8418399126052f51ce14e000adec,6333,1124258979,6564615,ExternallyOwnedAccount
0x8fa5a3f8cd47d482c68bddb82664afe412f0b04268693f4dc3223ffb5ab9b2fb,4550,1124258979,6564615,ExternallyOwnedAccount
0x865a755f625659eec261466f09d25080f7db384f5ba44bc9959b92601a18433f,7759,1124258979,6564615,ExternallyOwnedAccount
0x36c335f5cacced0a0e64e7a0dbab04bdc73c218a869a39dfc9d51e19332b0852,8065,1124258979,6564615,ExternallyOwnedAccount
0xabc6a4b8a693fa0701fb67f79eb126ba1c29696d6ddbdd8997b074daa462b1f2,28151,861802179,6564616,ContractAccount
0x495f879942dfcf2a2db09f1a2ce54ac76d08e06b549d75685fbb53f808bdfed5,6427,1121346241,6564616,ExternallyOwnedAccount
0xfedee4369980e7cfd5f55904eacc758b6b46a91827d6ee287b22545eacc876fe,8102,1118509323,6564617,SpecialCaseContract
0x099b4cfbf11ee304c0bd131e14aea18065d366962d686cb8a413fb7effdabd27,16929,1118509323,6564617,ExternallyOwnedAccount
0xaa9748b715a772a99be88148066bb6d8a12a514005484620e8ce55d883e59081,13719,1118095689,6564620,ExternallyOwnedAccount
0x1228773534deea3432572ab4b36d278946387e3022ded7391e8dbeb772fc106a,10442,1118095689,6564620,ExternallyOwnedAccount
0xf482da58ad5d4e6985c8634aa4be17c22a44d5fe3f858cba6ab4bab3eabcf9a7,10569,1118095689,6564620,SpecialCaseContract
0x77d2aa015b270565479ea11eb7dbfbf7fd0b3037b7cbc47fb1ba097199eb17d4,15892,1118095689,6564620,ExternallyOwnedAccount
0xf5b8d3ad87d5c7c0e5f2d4259903c00bb7640434f7841ca3bfeeffbcd2b1977f,19087,1118095689,6564620,ContractAccount
0x8caedff32adffffb8e1365bbeeff16104bab828fa0916a28e32d1777a9600f97,17701,1132710563,6564621,SpecialCaseContract
0x25eaddb57d06e89cee4711744bfe8fadd6b87620731dc72142f0d580101ccbcf,25492,1132710563,6564621,ExternallyOwnedAccount
0xcff44d2ee0911700d41ad9879ea524c9f8628d469fe9d0f539a872f11b0a9656,15447,1131121807,6564622,ExternallyOwnedAccount
0x464b00ebd16a3baee260f4d1ac10b6b3854ceb43f9568aa629a1344e93cbba9a,23560,1131121807,6564622,ExternallyOwnedAccount
0x41927cb4e29fdbaa71449ad72292280fc202c88fb57bacacdc70743f3641d4c1,7739,1129012641,6564624,ExternallyOwnedAccount
0xd2bdb16d6f343c229c1652631020c444dd4acc327e444bc50cd41d1a9dab228c,16198,1129012641,6564624,ExternallyOwnedAccount
0x94809da1547ee854664bf4d5f4d8c1e4c9e2f08c56f5aca1fde320fee0e0e49f,16057,1129012641,6564624,ExternallyOwnedAccount
0x4422a55db1fdca9877a0f2ee539444739b7a86debc2c5b7a879f499a422cd442,15326,1129012641,6564624,SpecialCaseContract
0xb821978e0c02513f64c30debca4ae85953ab0d6bd44029e936612328b312f6e8,18292,2129012641,6564624,ExternallyOwnedAccount
0x83eb3e18f2d5a380f5e85db8ed35dc3a4231bec448b43ac6781a579877065eed,9105,850293891,6564625,ContractAccount
0xb2f193c2f58c92a3409e5ad5d3ceeee12c3d7e3353815a52bb0fc28fdb05a4a9,12266,1618204405,6564625,ContractAccount
0xe934e0595453baa53db3d7c213abc4cf00f42b68d871db268f9def6198edde12,14244,1132895171,6564626,SpecialCaseContract
0x92c7f910407e023b8b396451a44ccb357ddb5feed3b756be2b88278e02230798,5619,1132895171,6564626,ExternallyOwnedAccount
0xa2e142e08f60edfb82113070ab762217a7adb37e7bd510879a4aa34c96c55137,22594,1632895171,6564626,ContractAccount
0x4841a595a81f2d0b34ea691f45f0a6ebf5ca8099622e9ba0efb3929c9729182e,8012,1132895171,6564626,SpecialCaseContract
0x062bcf446e8982d0c797b4960d8840e89447d9a2afb7713f3dfe21be32e425f1,18035,1125630894,6564627,ExternallyOwnedAccount
0xc1dfac2d0b5d9f683b2fe782324ba7cd902512fe0c2815b7d4d87ae4c4be681e,11005,1132895171,6564626,ContractAccount
0xeca1907018eb1c5c98feef94332f0f233c27643d12f8305a74f616df1318f856,12130,1120282362,6564628,ExternallyOwnedAccount
0x1792ce53daf36f27c55121661a5bb2a366c8aa690c529e329c02a76c3644a682,8460,1120282362,6564628,ExternallyOwnedAccount
0x1bffbcf634534255473b48e42613ff2b8e5994088192760d765a491a7d25d3b8,7882,1116277387,6564629,ExternallyOwnedAccount
0x42404ca1e07ef9a821508df43a8a57bb5c4b19f395a267848a35c428926464a5,10576,1116277387,6564629,ExternallyOwnedAccount
0xf757b859ca2385392c054985da458ce3512201f62c66e4ac1ecb9d050d85d4fb,14774,1116277387,6564629,ExternallyOwnedAccount
0x83d925164a17e1f96b6275cada4c25b1ad1f3bce9c88d3dc3137ea9b7b808beb,12501,1116277387,6564629,ExternallyOwnedAccount
0xe3c5b1883f6dec16a27e707bd690d78679e8fca9f9d094a0902c497412dd5ce7,17092,1116277387,6564629,ExternallyOwnedAccount
0xcd4545b2c5c42144e12109e7be42b03e987ebd4e661387e3db17e33e7f080a12,5014,1130676487,6564630,ExternallyOwnedAccount
0xf7c5f1ff2b88cd5f09e1483fd5c4cceeda4ea9d4869e22bd886249ae6b812f3f,18124,1130676487,6564630,ExternallyOwnedAccount
0x46e7584ebbe1cb135c85b870a6da9b6ed306bd421683c0ab8c091a5ee832b488,14105,1126074667,6564631,ExternallyOwnedAccount
0xaf97eb568dd37ac6f9448b778e2efa7f9edc31d34c033ab36c84700c8fd27769,15259,1126074667,6564631,ExternallyOwnedAccount
0x9028a45cdb4da8811d92df2e02fdbef97b5334018dc563e5d6ee1f479c052ef7,13137,1119309400,6564632,ExternallyOwnedAccount
0x28f1d63fc3c89ecbc966b3c9ff1843ef636f6aee3ead165f408eaad8aa122701,13559,1119309400,6564632,ExternallyOwnedAccount
0x883ce71c8e64adf0e73d8f260c48c84db17743a5a49dd654779e2af0773d7c75,7752,1619309400,6564632,ContractAccount
0xb8a518992c7538b35d0f9fe409aa0768e1edbc8b99b75c9a750436480d2ce020,13312,1107917232,6564633,ExternallyOwnedAccount
0x15f8ef4ddc25333e3053b683322104d0918919a5d5ccde624e7600fdb578f576,5928,1121280434,6564634,SpecialCaseContract
0x86b34957379441eedfc7724219a1a419ad4d6679981f08a258ca8229d8421e4a,16106,1121280434,6564634,ExternallyOwnedAccount
0xbbbdaaa9acfa24e522245b0738b0434d4853241e93d144855f1e382947139c3a,23001,1112534787,6564635,ExternallyOwnedAccount
0x2f86da05027c3f34cd18b74aa7fb40e047c094aa55a0afffb1c259fc01f3f7d9,20823,1112534787,6564635,SpecialCaseContract
0x919be0de3f19cb4d83b5ba8cadc1301e3bb56dba057f5d4a4e310682b0392b43,26736,1112534787,6564635,ExternallyOwnedAccount
0xfe59eaea6f3979168bf0120c529beb0db61041de499415b1f353ae888dd1936b,523,1126480275,6564636,SpecialCaseContract
0xa5811cda0b815cfc4a5f535ed0d61b1ad0d57ae45cae328a3123bf1fca84c86b,11395,1126480275,6564636,ExternallyOwnedAccount
0xa5679aaa7bc6dc051a1577d3ac7b91292b1313b6f5765d7b785c35514121f917,2392,2076176028,6564637,ContractAccount
0x4402d6881623323cf86a89788c206506faaf048f394c5438d5cbeedf3f2f8fc9,11382,1116176028,6564637,ExternallyOwnedAccount
0xaf934ff66fe32e7e9e37392830a90ebbb7b2d852c17bbea069fdce99eb8e0967,10418,1116176028,6564637,ExternallyOwnedAccount
0xf65247d48e2356f32f1444cea689142c8661c8d6e39732058a6fe10a28468bd3,8149,1116176028,6564637,SpecialCaseContract
0x45493e6c3e52fee928880aa069d0a34f07dc6ce596fc64ada3461da30c2a48fa,14963,1116176028,6564637,ExternallyOwnedAccount
0xceea8abee1b823ea426c8b1a66c8e18a5c0e74f8d8bb5b7c9cb835314886659b,7813,1120688529,6564639,ExternallyOwnedAccount
0xcb0cb2371b96857f2632baeb4f32d1d516724c9a9a7125eed6e05395d436b468,9432,1120688529,6564639,ExternallyOwnedAccount
0x3214a86a34dff95eb26a986371df28284a39aa7c5ffb3d1c866f783aadc45e3d,8990,1120688529,6564639,ExternallyOwnedAccount
0xc10fc49e337c8fa8e7da38ac5da5e84df09a81da81c4a20c8969f5ae2c846ce8,7881,1120688529,6564639,ExternallyOwnedAccount
0xf031cafca3af4ff93883d8f5a64b03643702ad1e08a4cbb085b8762f51a4c82e,10384,1120688529,6564639,ExternallyOwnedAccount
0x4b7ad23cabded195cdd1a97f1b21c9a5895b70f96b2e4e5c40207055f8785d1f,12495,1120688529,6564639,SpecialCaseContract
0xa7358fe0a7c7caf4bbd490994afa701a1c009832cd16dcaf3b87a48f2d379ac0,12751,1120688529,6564639,ExternallyOwnedAccount
0x1db032da0719d9b284cd59b8ef0dcf7801261a4b3bd5ec61492b6a03a0d5b671,30072,1113198499,6564640,ExternallyOwnedAccount
0xbf1bc961e985260e7e387c2f213c6ec8306357f3aa029695c55e549c3f4480d3,508,1127241595,6564641,SpecialCaseContract
0x0d3c4053bf63593d302179d780807f506c3d5b0f235092bb56ede4978990c32e,513,1127241595,6564641,SpecialCaseContract
0x2a502c5f922c0117e031b3996030e91849bcaa0750ca14bed200e85c017988a4,789,1127241595,6564641,ExternallyOwnedAccount
0x8f78b8a85baa5e89a9a0244ff7991e15c522f4a239747f7092c66503cf3dacdf,8569,1123157906,6564642,ExternallyOwnedAccount
0xd2af7fba4b32724e145386858c00523e632c917ead7dc66328938e9e7dce2a10,5995,1623157906,6564642,ContractAccount
0x8a546ac58fbf1d764768ef6869fffe7105287c35f3e887510322cfd2c5ecdc15,11896,1123157906,6564642,ExternallyOwnedAccount
0xdaf178e55c161483262973c0534bf9b00ac4fc1b860c7b4b8c38e13fba2f8511,10573,1113938694,6564643,ExternallyOwnedAccount
0x7308b7e42f141e5ba60d5bebaa5f664043a4e42409de684b683bd163b3c7fc64,10115,1128062872,6564644,ExternallyOwnedAccount
0x387a2ecc2aca820405dead2d05b517efff5e3f3764b76233ceec28184266b3c9,12477,1128062872,6564644,ExternallyOwnedAccount
0x376cac727102b953148f75480a1b976d092507aa68b74c8581e3fab89d2b4460,12754,1628062872,6564644,ContractAccount
0x5449e1a31cd30ff413e40adb7676f3f4ee49437de81a9df7b05e5c6e4cbe348b,10690,1119038395,6564645,ExternallyOwnedAccount
0xe276436a16f48260d475013306e69929d5873333defe0daf2cbee3a6de0c7dc2,14679,1112974723,6564646,ExternallyOwnedAccount
0x559980a4e16e28ad548b1594811e0445fd325bdca984c71383f3375b4828573c,10447,1112974723,6564646,ExternallyOwnedAccount
0x98018d08881e7a737e29100f03a9becbf8833653656de30a74fb2d1775b894f6,7253,1105319138,6564647,ExternallyOwnedAccount
0xc1c273c65f0dd7cf134e89b93d530fa4aed6589e12f28cce38fc3bec9acab2d8,7680,1105319138,6564647,ExternallyOwnedAccount
0xef6d9a6ae20cb30d0dc29dcfe2b895090e24833ac333c34e584d905dda30f33f,16931,1105319138,6564647,ExternallyOwnedAccount
0x45f7d2a719a4928954ad3fae65c9fdb366f6110b86d87e2d6ee7686cc219941c,25959,1097486206,6564648,ExternallyOwnedAccount
0x1166eb57a7dd1234b924218d1d0729cf5468e9e96987f2dd059a7272bd19c4d9,14336,1097486206,6564648,SpecialCaseContract
0x769093fa83ab52543f0a9c3b99749f6bdbb2d6d3b54ce87990c3e7208bcb6775,18200,1105319138,6564647,ExternallyOwnedAccount
0xe318223c920b1e4dd097f012ccfbba5c526ca4f56be5e0303cde7400079fd03d,7229,1123238976,6564650,ExternallyOwnedAccount
0xcdb5bf73aca3ab42c88952b0b627e1a0c1b8ee95c04328bcaf6772399eb20976,7281,1123238976,6564650,ExternallyOwnedAccount
0xe12ec22f57b44d32105024b06c7588b8588c408e4d581c38e3aef9e9ae1cfdd0,7014,1123238976,6564650,SpecialCaseContract
0x385bea0a976b58cfec404592c39427da71ae5ee997bea9901f23412e68ac96e3,9459,1123238976,6564650,SpecialCaseContract
0xb158ef06bf3f605fec89b4b5520883a09f373904ab0b6d5925968e8374e2d518,9921,1123238976,6564650,ExternallyOwnedAccount
0x194b3cb5164a7362a763e0c7f0429d735e2e814f4c5ff4e17d8b4a22e285f9bb,9990,1123238976,6564650,ExternallyOwnedAccount
0x87067ef18c23d7703bb4499f45845c156299809ada3fc014ba8b9b5d38b26112,9208,1123238976,6564650,ExternallyOwnedAccount
0x9568b517cedb8af89ad6c41b34192bb3db0765d9ce61c7caab2fffb120b111c5,11726,1123238976,6564650,ExternallyOwnedAccount
0xc446c36dc370e71479275683a3870a42099f369da8c394239f4b244895af6fe9,4306,905656493,6564651,SpecialCaseContract
0x51cdac9638a566c23d14a6490789fbf9290491108162ac326348cc245bc01c84,36260,905656493,6564651,ContractAccount
0xc85b74fd90279c47989b5a88e339f717712d1b9345a77b361add9cbb1eb7eebd,10611,2138635709,6564651,ExternallyOwnedAccount
0x2eebe0fa2d400d02f940af4fc89ed70c293ec65fa6c7e54c86f049c8d6190eb8,16497,1139696755,6564652,ContractAccount
0x7446f3af73e43d21b00428d3ec4c4326436247c35927571f929eed235bbfb099,10180,1139696755,6564652,ExternallyOwnedAccount
0x5c53742b47324bd085e6d75c7ab1c45f055befce098f066a494b407f1bdeadbe,7755,1139696755,6564652,SpecialCaseContract
0x4a7c893e3e65b79eb76158122d68bfbf8bc4d35ea604ac3aeea822360ebe080c,6448,1130443013,6564653,ExternallyOwnedAccount
0x705e4c9376b2bd72b98277b248021b1522253c6839141e8d0fe19c36d3f64948,12038,1130443013,6564653,ExternallyOwnedAccount
0x6ab87203357b8919dbfc54752e7589254db97a02ffbccf44c3aadd48bb763bdc,12531,1130443013,6564653,SpecialCaseContract
0xe3abca71e5bb5ae155a0ee1254d9b5a6328e9c7ddb23b5306dece5be2ddb3159,9917,1120569931,6564654,ExternallyOwnedAccount
0x44d307f047c50ce23579a9c992ace7acbc7693647cd53369b3436530a855b460,18612,1120569931,6564654,ExternallyOwnedAccount
0x0012d5d695d65fbe272905e4b39ceaef06e25af71aade7ab31bab983a223db42,40367,4120569931,6564654,SpecialCaseContract
0xd7be03ce3f0526ee4775686c1e572c029a3d450736848aab9013e80311e0791e,5302,1130140926,6564656,ExternallyOwnedAccount
0xed08e491a5954fd6dbb703c614116dde40fff059dad96a36fd981ce116cb550c,8532,1130140926,6564656,ExternallyOwnedAccount
0xea9b0d40de62f322bdcc194090a7fc4cc97006eac19a38b76f69de0df458d458,12239,1130140926,6564656,ExternallyOwnedAccount
0xa601897aae26cb6af5248c25c8e4bccb69232d2879c0d6849ee6cf4a66692a0f,9598,1119786904,6564657,ExternallyOwnedAccount
0x203586985a2a812da0fc6f0a7177de73d38a2407414b2fd9b99b3952f54e82dd,18415,1134758544,6564658,SpecialCaseContract
0x457229eec69810c3560026e527c28eb465f931a5f98cb1b8b63680e5b7fac617,8595,1135262967,6564659,ExternallyOwnedAccount
0xef6add75e1d82640c33d8110b078d37051bb35030caeabcae0a5ba4549cacd20,14093,1131598305,6564660,SpecialCaseContract
0x853d4f52eee240618f62666a3b6f53f58ffd76881e192981db0f51f05e44cfa1,13932,1131598305,6564660,SpecialCaseContract
0xcc9d56eda4ebf518257fd3013fb1240a07938c442c55c7ca09372570a811a255,18100,1131598305,6564660,ExternallyOwnedAccount
0xfac050767fedfd0609bdc4fa50dc46cdfbe79cbd86f98771f96c2bcfebe38069,13889,1131598305,6564660,SpecialCaseContract
0xa0a949b55dd573ff01a79adb85606d8c27a8d67bbf84da097b99f50ff10a2a46,16312,1124047815,6564662,SpecialCaseContract
0x714477379765409cdd814cdefe8a69896f0a0b76c7f0eb8215ec16d3435fc8ba,14841,1124047815,6564662,SpecialCaseContract
0x45e90ae2c920a758c46661eb811ed0e07014462ce6d7133dde764181cd5dd1ba,19558,1117773965,6564663,SpecialCaseContract
0xf2bf8643cc27252893eab48d305f698ac4dec14d1fb4ce646a8723762dc5a7e2,23912,1117773965,6564663,ExternallyOwnedAccount
0xa2bba4f7b34630a2f453a70b896a82ae14ac752129d09603d3e27a9fc6f8424b,11978,1127320428,6564665,ExternallyOwnedAccount
0xd090853fe44a83af0165668eca30dda8eff1a9e31b7ec5fea7e268bd5ec7f720,2275,1127320428,6564665,ExternallyOwnedAccount
0xd8d9e2fad99827387513ff498a652d44686af1d1b04da079367a7ac1a3c9350c,8794,1120451782,6564666,SpecialCaseContract
0xaa7023b5a2c622e5f22bc3b93aba52aba824fcb55c6c4fc9ba1568c8f41eb6f4,22460,1110507708,6564667,ExternallyOwnedAccount
0x8a46196eb064c7bd2f1e1f3efc39cc2b1277609b0bf6c058e7ac1ca394879f29,199,1120451782,6564666,SpecialCaseContract
0x7ffaf7e951ec9ab3b2dafb35f9aaf8aff4096484ff3edcae0010c4609e00c072,1182,1110507708,6564667,SpecialCaseContract
0x86bd3a5d27b903ce2edc9e8c9cf60b0a49eca130a5ac5f47280c82f138e8219b,34321,1110507708,6564667,SpecialCaseContract
0xf0719141b292ff6db76fb9c23aeb542520b4d684c192a42125c20aa84b385e7d,30252,1110507708,6564667,SpecialCaseContract
0x9eac9c2ffe7f399ceafe27ba14702976e91c042f06e383e969371fd0683921f0,5453,1137151901,6564670,SpecialCaseContract
0xb52d0de94d8c77eca1fe248b7d70a440adfcca4cd8d6da4c1423fcfc9bc54de5,7821,2137151901,6564670,SpecialCaseContract
0x9fa2d3f447994c29cf5cf5dab36d9f6b93461db4fdc10d8c2157e6172abca398,16314,1137151901,6564670,SpecialCaseContract
0x83e4e5c89cd5eb201ac1e93798d3d2e9ae99072a837f6718a2ba35561977778b,15415,1137151901,6564670,SpecialCaseContract
0x77bcc3c8e71ace4f4681afc73cd637a253b8bc08cf05f9c0ef2c3688a3b28eea,12137,1137151901,6564670,SpecialCaseContract
0xdc5664e36c74a38f56cad487500342e1f605137768493c9b5f29b9feaeba8de9,18093,1137151901,6564670,ExternallyOwnedAccount
0x2fec8c6c73ad1ebab50a2ae04c902665bd983f196fe74e87cf45b6aaae785bef,401,1137151901,6564670,ExternallyOwnedAccount
0xe070822959c9d1d770a8a891f1e337155c3f130d6939497d6517e8d8872058a2,4535,1129554156,6564671,SpecialCaseContract
0x93a946677e95a788b922a9bcc096069cdff80e7fbb422ad4d38a818d3d868f58,9532,1129554156,6564671,ExternallyOwnedAccount
0xcc98c4931b12520bff1091b46a0590c0358aae7e1608c5891694e9ec7d15d6d5,6203,1124285115,6564672,SpecialCaseContract
0x2204f5b660cfa353ad122cc76121954009f4196b97628b863b1c357a02bd7758,6431,1124285115,6564672,SpecialCaseContract
0xa24e3f2dedc88683f801b04d1220db0565c5a4b8be521f784fced08d8d11ebcc,4320,1124285115,6564672,ExternallyOwnedAccount
0x992294805d769d14ef9bff1849acf9edbf728d0c1b1d649198684c109216a4e1,7309,1124285115,6564672,ExternallyOwnedAccount
0x7286542c68b0d632292d47b13ac638c3c484d340c0f6abbe4a9e9693cfbb699c,13179,2220398835,6564673,ContractAccount
0xf312be885fa15966d746e3d465e0c18dd5c0b2bf3d96ae272f100b59c4b05aa2,13893,1103128249,6564675,ContractAccount
0xc24c7d2675bf30084e7894a5717b03f683660da4c46107d2aefc9fb162d9de70,9598,1130205547,6564677,SpecialCaseContract
0xc7968626c897303d6535032366e2fda2d0ff6eaabaa8405a7085a13addbc7daa,12754,1130205547,6564677,ExternallyOwnedAccount
0x74cf98cbbbc4df6331c6e6506f667cd4bb4ed2f14d9509c35d5c8d22fd983b24,10561,1130205547,6564677,ExternallyOwnedAccount
0x48bf2ea9c8f3f817491b3913b29095dda13e76414ff882c1e88cbe453142771e,12710,1119022385,6564678,ExternallyOwnedAccount
0x76099a7a0f25dc696b12fbd4c911feadf4d9e0c40516f3d537c88946823b7f47,9250,1150065647,6564680,ExternallyOwnedAccount
0xf5e8991ed71fb07d1b415f0e71b57e0b6de51deb21bffa31aca1f4ef5321eaea,13292,1150065647,6564680,ExternallyOwnedAccount
